customer_id,name,email,signup_date,location,segment,customer_age_days,last_purchase_date,frequency,monetary,avg_order_value,max_order_value,num_categories,preferred_category,recency_days,total_orders_raw,discount_order_rate,return_rate,avg_days_between_orders,is_churned,r_score,f_score,m_score,rfm_score,rfm_cell,rfm_segment,cluster,cluster_label
C0001,Betty Rodriguez,betty.rodriguez1@example.com,2021-01-13,Houston,Premium,1083,2023-11-26,16,3955.72,247.23,442.09,9.0,Electronics,36,18,0.6111,0.1111,38.73,0,5,5,5,15,555,Champions,3,Premium
C0002,Betty Brown,betty.brown2@example.com,2021-03-13,Dallas,Regular,1024,2023-09-22,8,938.62,117.33,178.46,5.0,Beauty,101,9,0.3333,0.1111,83.86,1,4,4,4,12,444,Loyal Customers,2,High Value
C0003,Jessica Johnson,jessica.johnson3@example.com,2021-10-30,New York,Premium,793,2023-06-05,14,4426.99,316.21,470.95,8.0,Clothing,210,18,0.6667,0.2222,32.08,1,3,5,5,13,355,Potential Loyalists,3,Premium
C0004,Linda Taylor,linda.taylor4@example.com,2021-04-22,San Jose,Premium,984,2022-10-02,14,4021.75,287.27,495.43,7.0,Food & Grocery,456,15,0.6,0.0667,20.46,1,2,5,5,12,255,Needs Attention,3,Premium
C0005,Michael Moore,michael.moore5@example.com,2021-10-15,San Antonio,Premium,808,2022-07-22,12,3158.84,263.24,483.42,6.0,Clothing,528,15,0.8667,0.2,17.09,1,2,5,5,12,255,Needs Attention,3,Premium
C0006,Charles Rodriguez,charles.rodriguez6@example.com,2021-08-18,New York,Regular,866,2022-06-14,3,267.83,89.28,118.08,3.0,Home & Garden,566,4,0.75,0.25,24.5,1,2,2,3,7,223,About to Sleep,0,Low Value
C0007,Jessica Hernandez,jessica.hernandez7@example.com,2021-12-24,Phoenix,Regular,738,2023-10-03,2,188.22,94.11,100.82,2.0,Health,90,5,1.0,0.6,330.0,0,4,1,2,7,412,Recent Customers,1,Mid Value
C0008,Matthew Hernandez,matthew.hernandez8@example.com,2021-04-21,Los Angeles,Regular,985,2023-12-07,9,772.85,85.87,159.73,6.0,Beauty,25,9,0.8889,0.0,80.5,0,5,5,4,14,554,Champions,2,High Value
C0009,Patricia Lopez,patricia.lopez9@example.com,2021-07-14,Philadelphia,Premium,901,2023-11-20,10,3209.8,320.98,474.36,7.0,Beauty,42,17,0.6471,0.4118,75.56,0,5,5,5,15,555,Champions,3,Premium
C0010,Betty Anderson,betty.anderson10@example.com,2021-01-23,Dallas,Occasional,1073,2022-05-23,4,179.59,44.9,80.55,4.0,Sports,588,5,0.6,0.2,28.33,1,1,3,2,6,132,Lost,0,Low Value
C0011,John Moore,john.moore11@example.com,2021-07-13,Phoenix,Premium,902,2023-11-17,8,2201.28,275.16,498.81,6.0,Toys,45,9,0.6667,0.1111,90.57,0,5,4,5,14,545,Champions,3,Premium
C0012,Michael Williams,michael.williams12@example.com,2021-10-23,New York,Occasional,800,2022-12-12,3,220.5,73.5,98.44,3.0,Sports,385,3,0.6667,0.0,165.5,1,2,2,3,7,223,About to Sleep,0,Low Value
C0013,John Davis,john.davis13@example.com,2021-05-29,Los Angeles,Regular,947,2022-10-21,5,588.64,117.73,192.75,5.0,Beauty,437,7,0.7143,0.2857,72.0,1,2,3,4,9,234,Needs Attention,2,High Value
C0014,Joseph Lopez,joseph.lopez14@example.com,2021-05-23,Chicago,New,953,2022-03-26,1,83.55,83.55,83.55,1.0,Automotive,646,3,1.0,0.6667,,1,1,1,1,3,111,Hibernating,0,Low Value
C0015,Michael Rodriguez,michael.rodriguez15@example.com,2021-07-01,Los Angeles,Occasional,914,2023-02-10,4,193.21,48.3,84.4,3.0,Toys,325,4,0.5,0.0,127.67,1,3,3,2,8,332,Potential Loyalists,1,Mid Value
C0016,Betty Davis,betty.davis16@example.com,2021-10-01,Chicago,Regular,822,2023-11-09,3,232.44,77.48,108.71,3.0,Sports,53,4,0.75,0.25,62.5,0,4,2,3,9,423,Potential Loyalists,1,Mid Value
C0017,William Moore,william.moore17@example.com,2021-07-14,Houston,New,901,2023-03-06,1,99.94,99.94,99.94,1.0,Electronics,301,1,0.0,0.0,,1,3,1,1,5,311,Promising,1,Mid Value
C0018,Linda Johnson,linda.johnson18@example.com,2021-01-29,Philadelphia,Occasional,1067,2022-07-25,4,143.35,35.84,38.39,4.0,Sports,525,5,0.6,0.2,61.0,1,2,3,2,7,232,Lost,0,Low Value
C0019,John Miller,john.miller19@example.com,2021-05-18,San Jose,New,958,2023-02-23,2,118.09,59.04,59.1,1.0,Home & Garden,312,2,0.5,0.0,266.0,1,3,1,2,6,312,Promising,1,Mid Value
C0020,Christopher Thomas,christopher.thomas20@example.com,2021-04-19,San Antonio,Occasional,987,2023-02-02,2,65.73,32.86,33.45,2.0,Clothing,333,4,0.5,0.5,260.0,1,3,1,1,5,311,Promising,1,Mid Value
C0021,William Jones,william.jones21@example.com,2021-03-15,Houston,New,1022,2022-05-01,1,117.09,117.09,117.09,1.0,Food & Grocery,610,1,1.0,0.0,,1,1,1,2,4,112,Hibernating,0,Low Value
C0022,Jessica Jackson,jessica.jackson22@example.com,2021-10-27,San Antonio,Occasional,796,2022-11-26,1,90.04,90.04,90.04,1.0,Food & Grocery,401,4,0.5,0.75,,1,2,1,1,4,211,About to Sleep,0,Low Value
C0023,Robert Taylor,robert.taylor23@example.com,2021-04-23,San Diego,Occasional,983,2022-12-04,5,242.8,48.56,79.89,4.0,Sports,393,5,0.8,0.0,45.25,1,2,3,3,8,233,Needs Attention,0,Low Value
C0024,Sandra Brown,sandra.brown24@example.com,2021-01-25,Chicago,Premium,1071,2023-11-14,10,2570.11,257.01,466.04,6.0,Clothing,48,11,0.5455,0.0909,75.11,0,4,5,5,14,455,Loyal Customers,3,Premium
C0025,Jessica Martin,jessica.martin25@example.com,2021-12-15,Los Angeles,Regular,747,2023-08-01,7,899.89,128.56,192.33,5.0,Home & Garden,153,10,0.4,0.3,83.17,1,3,4,4,11,344,Potential Loyalists,2,High Value
C0026,Lisa Anderson,lisa.anderson26@example.com,2021-07-15,Dallas,New,900,2022-06-16,1,132.28,132.28,132.28,1.0,Electronics,564,1,1.0,0.0,,1,2,1,2,5,212,About to Sleep,0,Low Value
C0027,Sandra Smith,sandra.smith27@example.com,2021-10-11,Los Angeles,Occasional,812,2023-12-03,5,211.97,42.39,65.47,4.0,Home & Garden,29,5,0.2,0.0,132.0,0,5,3,3,11,533,Loyal Customers,1,Mid Value
C0028,David Brown,david.brown28@example.com,2021-11-25,Phoenix,Occasional,767,2022-08-09,2,192.86,96.43,97.34,2.0,Sports,510,3,0.3333,0.3333,10.0,1,2,1,2,5,212,About to Sleep,0,Low Value
C0029,Joseph Smith,joseph.smith29@example.com,2021-03-22,Phoenix,New,1015,2022-07-21,2,143.43,71.72,108.62,2.0,Health,529,2,1.0,0.0,15.0,1,2,1,2,5,212,About to Sleep,0,Low Value
C0030,Ashley Brown,ashley.brown30@example.com,2021-09-17,Phoenix,Regular,836,2023-12-11,5,532.62,106.52,194.17,5.0,Books,21,7,0.7143,0.2857,159.75,0,5,3,3,11,533,Loyal Customers,2,High Value
C0031,Susan Garcia,susan.garcia31@example.com,2021-03-20,Dallas,Regular,1017,2023-12-09,6,742.11,123.68,199.61,4.0,Food & Grocery,23,7,0.4286,0.1429,110.6,0,5,4,4,13,544,Champions,2,High Value
C0032,David Thomas,david.thomas32@example.com,2021-11-03,New York,Premium,789,2023-12-23,13,3139.87,241.53,346.91,9.0,Home & Garden,9,18,0.5556,0.2778,59.75,0,5,5,5,15,555,Champions,3,Premium
C0033,Mark Martinez,mark.martinez33@example.com,2021-07-05,Houston,Premium,910,2023-12-29,11,3887.12,353.37,496.84,7.0,Toys,3,11,0.5455,0.0,58.5,0,5,5,5,15,555,Champions,3,Premium
C0034,Mark Jackson,mark.jackson34@example.com,2021-05-04,Los Angeles,Premium,972,2023-04-16,8,2297.69,287.21,498.19,5.0,Home & Garden,260,9,0.2222,0.1111,67.14,1,3,4,5,12,345,Potential Loyalists,3,Premium
C0035,Anthony Williams,anthony.williams35@example.com,2021-09-06,Dallas,Premium,847,2023-08-27,9,2827.91,314.21,441.54,6.0,Clothing,127,14,0.5,0.3571,59.62,1,4,5,5,14,455,Loyal Customers,3,Premium
C0036,Nancy Thomas,nancy.thomas36@example.com,2021-03-07,Dallas,Regular,1030,2022-07-10,7,797.83,113.98,161.14,4.0,Electronics,540,9,0.6667,0.2222,21.67,1,2,4,4,10,244,Needs Attention,2,High Value
C0037,Thomas Martin,thomas.martin37@example.com,2021-05-16,San Antonio,Regular,960,2023-04-22,4,351.4,87.85,130.59,4.0,Automotive,254,4,0.25,0.0,135.33,1,3,3,3,9,333,Potential Loyalists,2,High Value
C0038,Matthew Miller,matthew.miller38@example.com,2021-10-04,Phoenix,Regular,819,2023-11-05,9,1044.98,116.11,197.13,5.0,Toys,57,9,0.5556,0.0,84.0,0,4,5,4,13,454,Loyal Customers,2,High Value
C0039,Christopher Lopez,christopher.lopez39@example.com,2021-12-10,San Diego,New,752,2022-06-11,2,164.27,82.14,124.99,2.0,Books,569,2,0.5,0.0,69.0,1,2,1,2,5,212,About to Sleep,0,Low Value
C0040,Linda Davis,linda.davis40@example.com,2021-03-03,Los Angeles,New,1034,2022-03-31,2,164.35,82.18,131.1,2.0,Automotive,641,3,0.3333,0.3333,74.0,1,1,1,2,4,112,Hibernating,0,Low Value
C0041,Charles Moore,charles.moore41@example.com,2021-01-11,Houston,Occasional,1085,2022-11-27,5,275.94,55.19,90.09,5.0,Home & Garden,400,5,0.4,0.0,79.75,1,2,3,3,8,233,Needs Attention,2,High Value
C0042,John Johnson,john.johnson42@example.com,2021-01-04,Houston,Regular,1092,2023-05-06,8,1154.47,144.31,198.2,7.0,Automotive,240,9,0.5556,0.1111,61.14,1,3,4,4,11,344,Potential Loyalists,2,High Value
C0043,Sandra Hernandez,sandra.hernandez43@example.com,2021-01-17,Los Angeles,Premium,1079,2023-09-09,14,4004.27,286.02,473.41,6.0,Clothing,114,17,0.4118,0.1765,47.38,1,4,5,5,14,455,Loyal Customers,3,Premium
C0044,Nancy Thomas,nancy.thomas44@example.com,2021-05-23,Houston,Regular,953,2023-09-21,4,646.41,161.6,195.65,4.0,Home & Garden,102,5,0.4,0.2,94.0,1,4,3,4,11,434,Loyal Customers,2,High Value
C0045,Charles Thomas,charles.thomas45@example.com,2021-10-20,Houston,Regular,803,2022-11-17,7,660.45,94.35,163.43,5.0,Books,410,7,0.7143,0.0,51.17,1,2,4,4,10,244,Needs Attention,2,High Value
C0046,Michael Brown,michael.brown46@example.com,2021-07-28,Los Angeles,New,887,2023-05-03,2,251.46,125.73,143.38,2.0,Health,243,3,0.6667,0.3333,181.0,1,3,1,3,7,313,Promising,1,Mid Value
C0047,Jessica Wilson,jessica.wilson47@example.com,2021-07-01,San Diego,New,914,2022-08-11,1,46.25,46.25,46.25,1.0,Home & Garden,508,1,0.0,0.0,,1,2,1,1,4,211,About to Sleep,0,Low Value
C0048,Christopher Brown,christopher.brown48@example.com,2021-12-11,New York,Premium,751,2023-10-01,8,2506.17,313.27,456.75,7.0,Health,92,9,0.6667,0.1111,89.43,1,4,4,5,13,445,Loyal Customers,3,Premium
C0049,Margaret Brown,margaret.brown49@example.com,2021-06-23,Houston,New,922,2022-09-06,2,142.49,71.24,118.73,2.0,Beauty,482,3,0.6667,0.3333,140.0,1,2,1,2,5,212,About to Sleep,0,Low Value
C0050,Karen Anderson,karen.anderson50@example.com,2021-04-08,Chicago,Regular,998,2023-12-23,4,371.98,93.0,129.77,3.0,Food & Grocery,9,4,0.5,0.0,172.67,0,5,3,3,11,533,Loyal Customers,1,Mid Value
C0051,William Anderson,william.anderson51@example.com,2021-04-04,Houston,New,1002,2023-11-25,1,46.88,46.88,46.88,1.0,Toys,37,1,0.0,0.0,,0,5,1,1,7,511,Recent Customers,1,Mid Value
C0052,Margaret Moore,margaret.moore52@example.com,2021-08-15,Los Angeles,Premium,869,2023-12-31,7,1930.26,275.75,357.42,7.0,Toys,1,10,0.8,0.3,120.17,0,5,4,4,13,544,Champions,3,Premium
C0053,Karen Smith,karen.smith53@example.com,2021-11-30,Los Angeles,Premium,762,2023-11-02,16,4271.06,266.94,478.35,8.0,Health,60,18,0.6111,0.1111,38.6,0,4,5,5,14,455,Loyal Customers,3,Premium
C0054,Jessica Thomas,jessica.thomas54@example.com,2021-03-27,San Diego,Regular,1010,2022-02-23,8,931.44,116.43,171.21,6.0,Clothing,677,8,0.375,0.0,7.43,1,1,4,4,9,144,At Risk,2,High Value
C0055,Mark Johnson,mark.johnson55@example.com,2021-07-25,Chicago,Regular,890,2023-10-22,5,647.5,129.5,168.54,5.0,Books,71,5,0.4,0.0,145.75,0,4,3,4,11,434,Loyal Customers,2,High Value
C0056,Richard Rodriguez,richard.rodriguez56@example.com,2021-01-02,San Diego,New,1094,2023-12-08,2,157.47,78.74,123.99,2.0,Home & Garden,24,2,0.5,0.0,217.0,0,5,1,2,8,512,Recent Customers,1,Mid Value
C0057,Daniel Moore,daniel.moore57@example.com,2021-08-05,San Diego,Occasional,879,2023-09-19,2,69.91,34.96,52.46,2.0,Home & Garden,104,2,1.0,0.0,259.0,1,4,1,1,6,411,Recent Customers,1,Mid Value
C0058,Barbara Miller,barbara.miller58@example.com,2021-04-08,New York,Regular,998,2023-11-17,6,823.97,137.33,194.92,4.0,Clothing,45,9,0.6667,0.3333,91.2,0,5,4,4,13,544,Champions,2,High Value
C0059,Mary Johnson,mary.johnson59@example.com,2021-06-10,San Jose,Premium,935,2023-11-19,13,4091.53,314.73,469.18,7.0,Health,43,18,0.5556,0.2778,52.67,0,5,5,5,15,555,Champions,3,Premium
C0060,Ashley Taylor,ashley.taylor60@example.com,2021-09-15,Chicago,New,838,2022-04-13,2,183.83,91.92,129.12,2.0,Home & Garden,628,2,1.0,0.0,74.0,1,1,1,2,4,112,Hibernating,0,Low Value
C0061,John Garcia,john.garcia61@example.com,2021-09-18,Los Angeles,Premium,835,2023-12-14,11,3481.37,316.49,479.13,7.0,Beauty,18,13,0.4615,0.1538,48.3,0,5,5,5,15,555,Champions,3,Premium
C0062,Sandra Davis,sandra.davis62@example.com,2021-12-12,San Antonio,Premium,750,2023-11-30,9,2457.9,273.1,478.25,7.0,Books,32,9,0.5556,0.0,82.25,0,5,5,5,15,555,Champions,3,Premium
C0063,Linda Jackson,linda.jackson63@example.com,2021-10-19,San Jose,Premium,804,2022-12-25,9,2352.11,261.35,437.95,6.0,Beauty,372,13,0.2308,0.3077,44.38,1,3,5,5,13,355,Potential Loyalists,3,Premium
C0064,John Wilson,john.wilson64@example.com,2021-11-14,San Jose,Premium,778,2023-12-31,10,3670.95,367.1,474.45,8.0,Home & Garden,1,13,0.6923,0.2308,80.56,0,5,5,5,15,555,Champions,3,Premium
C0066,Robert Martinez,robert.martinez66@example.com,2021-07-22,San Diego,Occasional,893,2023-11-01,4,190.62,47.66,70.53,3.0,Clothing,61,5,0.4,0.2,98.33,0,4,3,2,9,432,Potential Loyalists,1,Mid Value
C0067,James Anderson,james.anderson67@example.com,2021-02-07,San Jose,Occasional,1058,2023-08-28,4,283.4,70.85,90.72,2.0,Toys,126,4,0.5,0.0,146.33,1,4,3,3,10,433,Loyal Customers,1,Mid Value
C0068,Karen Miller,karen.miller68@example.com,2021-02-07,Dallas,Premium,1058,2023-09-14,6,1732.7,288.78,447.43,6.0,Home & Garden,109,9,0.7778,0.3333,95.0,1,4,4,4,12,444,Loyal Customers,3,Premium
C0069,Ashley Lopez,ashley.lopez69@example.com,2021-03-09,Los Angeles,Occasional,1028,2023-07-11,2,109.17,54.58,59.42,2.0,Automotive,174,4,1.0,0.5,266.0,1,3,1,1,5,311,Promising,1,Mid Value
C0070,Barbara Garcia,barbara.garcia70@example.com,2021-07-09,San Diego,Regular,906,2023-07-25,6,741.68,123.61,187.4,4.0,Automotive,160,6,0.6667,0.0,72.4,1,3,4,4,11,344,Potential Loyalists,2,High Value
C0071,Margaret Taylor,margaret.taylor71@example.com,2021-11-10,New York,Occasional,782,2022-01-26,2,162.58,81.29,95.39,2.0,Automotive,705,3,0.6667,0.3333,1.0,1,1,2,2,5,122,Hibernating,0,Low Value
C0072,Patricia Jones,patricia.jones72@example.com,2021-12-06,Phoenix,Occasional,756,2023-11-22,3,204.9,68.3,92.78,3.0,Electronics,40,5,0.8,0.4,327.0,0,5,2,2,9,522,Potential Loyalists,1,Mid Value
C0073,Betty Moore,betty.moore73@example.com,2021-02-24,Chicago,Premium,1041,2023-08-12,11,2957.11,268.83,416.07,7.0,Food & Grocery,142,12,0.75,0.0833,51.4,1,3,5,5,13,355,Potential Loyalists,3,Premium
C0074,Lisa Miller,lisa.miller74@example.com,2021-05-25,Philadelphia,Occasional,951,2023-06-08,2,104.48,52.24,55.66,2.0,Health,207,2,0.5,0.0,237.0,1,3,2,1,6,321,Promising,1,Mid Value
C0075,Christopher Rodriguez,christopher.rodriguez75@example.com,2021-12-18,Dallas,Regular,744,2023-12-17,10,1100.65,110.06,152.54,7.0,Toys,15,10,0.6,0.0,78.56,0,5,5,4,14,554,Champions,2,High Value
C0076,Mark Johnson,mark.johnson76@example.com,2021-05-09,Los Angeles,New,967,2022-07-04,2,109.53,54.76,66.84,2.0,Automotive,546,3,0.3333,0.3333,51.0,1,2,2,1,5,221,About to Sleep,0,Low Value
C0077,Mary Smith,mary.smith77@example.com,2021-05-22,Philadelphia,New,954,2022-03-01,3,245.25,81.75,102.12,3.0,Home & Garden,671,3,0.6667,0.0,11.5,1,1,2,3,6,123,Lost,0,Low Value
C0078,William Garcia,william.garcia78@example.com,2021-11-23,San Diego,Regular,769,2023-08-25,8,797.85,99.73,195.75,7.0,Clothing,129,8,0.5,0.0,61.43,1,4,4,4,12,444,Loyal Customers,2,High Value
C0079,James Brown,james.brown79@example.com,2021-10-15,Los Angeles,New,808,2022-11-20,3,315.54,105.18,138.16,3.0,Health,407,3,0.3333,0.0,45.0,1,2,2,3,7,223,About to Sleep,0,Low Value
C0080,Mary Lopez,mary.lopez80@example.com,2021-10-07,San Jose,Regular,816,2023-04-26,3,272.25,90.75,120.97,2.0,Toys,250,4,0.5,0.25,170.5,1,3,2,3,8,323,Potential Loyalists,1,Mid Value
C0081,Robert Johnson,robert.johnson81@example.com,2021-08-09,Phoenix,Regular,875,2023-12-12,7,704.96,100.71,199.65,5.0,Food & Grocery,20,7,0.2857,0.0,72.0,0,5,4,4,13,544,Champions,2,High Value
C0082,Mark Lopez,mark.lopez82@example.com,2021-01-21,Houston,Occasional,1075,2022-01-19,1,61.17,61.17,61.17,1.0,Home & Garden,712,1,1.0,0.0,,1,1,1,1,3,111,Hibernating,0,Low Value
C0083,Patricia Lopez,patricia.lopez83@example.com,2021-12-08,Dallas,Regular,754,2023-01-30,8,999.07,124.88,196.88,5.0,Clothing,336,10,0.6,0.2,53.86,1,3,4,4,11,344,Potential Loyalists,2,High Value
C0084,Betty Jones,betty.jones84@example.com,2021-11-14,Houston,New,778,2022-03-10,2,127.76,63.88,83.09,2.0,Food & Grocery,662,3,0.0,0.3333,48.0,1,1,2,2,5,122,Hibernating,0,Low Value
C0085,Mark Wilson,mark.wilson85@example.com,2021-04-01,New York,Regular,1005,2023-07-09,5,738.29,147.66,161.91,4.0,Automotive,176,5,0.4,0.0,138.5,1,3,3,4,10,334,Potential Loyalists,2,High Value
C0086,Margaret Wilson,margaret.wilson86@example.com,2021-06-20,Houston,Regular,925,2023-08-08,8,1089.24,136.16,188.14,5.0,Sports,146,10,0.7,0.2,78.86,1,3,4,4,11,344,Potential Loyalists,2,High Value
C0087,Margaret Brown,margaret.brown87@example.com,2021-03-23,San Antonio,Occasional,1014,2023-11-05,3,210.78,70.26,96.74,3.0,Beauty,57,4,0.75,0.25,256.0,0,4,2,3,9,423,Potential Loyalists,1,Mid Value
C0088,Linda Miller,linda.miller88@example.com,2021-08-29,San Diego,Premium,855,2022-04-09,15,4358.78,290.59,470.7,9.0,Sports,632,17,0.4706,0.1176,7.0,1,1,5,5,11,155,At Risk,3,Premium
C0089,Anthony Davis,anthony.davis89@example.com,2021-06-06,Houston,Occasional,939,2022-06-06,3,197.17,65.72,98.95,3.0,Health,574,3,1.0,0.0,72.0,1,1,2,2,5,122,Hibernating,0,Low Value
C0090,Michael Gonzalez,michael.gonzalez90@example.com,2021-12-04,Philadelphia,Premium,758,2023-12-12,13,3737.34,287.49,465.19,9.0,Health,20,17,0.5882,0.2353,58.0,0,5,5,5,15,555,Champions,3,Premium
C0091,Matthew Rodriguez,matthew.rodriguez91@example.com,2021-02-05,Philadelphia,Occasional,1060,2022-04-04,2,107.98,53.99,80.06,2.0,Toys,637,2,0.0,0.0,90.0,1,1,2,1,4,121,Hibernating,0,Low Value
C0092,Anthony Moore,anthony.moore92@example.com,2021-12-14,Philadelphia,New,748,2023-09-20,3,192.91,64.3,112.56,3.0,Sports,103,3,1.0,0.0,23.5,1,4,2,2,8,422,Potential Loyalists,1,Mid Value
C0093,Mark Rodriguez,mark.rodriguez93@example.com,2021-03-01,Chicago,Premium,1036,2023-11-19,12,4035.27,336.27,451.45,8.0,Beauty,43,15,0.5333,0.2,61.09,0,5,5,5,15,555,Champions,3,Premium
C0094,Patricia Martin,patricia.martin94@example.com,2021-01-20,San Antonio,Occasional,1076,2022-08-03,2,132.57,66.28,91.38,2.0,Food & Grocery,516,2,1.0,0.0,188.0,1,2,2,2,6,222,About to Sleep,0,Low Value
C0095,Jessica Martin,jessica.martin95@example.com,2021-06-10,Dallas,Occasional,935,2022-09-10,2,101.86,50.93,68.43,2.0,Food & Grocery,478,4,0.75,0.5,250.0,1,2,2,1,5,221,About to Sleep,0,Low Value
C0096,Mark Jackson,mark.jackson96@example.com,2021-07-17,Houston,Premium,898,2023-12-18,11,3638.99,330.82,483.25,7.0,Books,14,17,0.6471,0.3529,66.6,0,5,5,5,15,555,Champions,3,Premium
C0097,Daniel Wilson,daniel.wilson97@example.com,2021-01-23,New York,Occasional,1073,2022-12-14,5,314.89,62.98,86.46,3.0,Beauty,383,5,0.6,0.0,84.5,1,2,3,3,8,233,Needs Attention,0,Low Value
C0098,Jessica Williams,jessica.williams98@example.com,2021-07-06,Philadelphia,Regular,909,2023-06-03,8,981.31,122.66,165.83,5.0,Automotive,212,8,0.75,0.0,70.43,1,3,4,4,11,344,Potential Loyalists,2,High Value
C0099,Sandra Brown,sandra.brown99@example.com,2021-12-06,Phoenix,Occasional,756,2022-06-09,2,63.13,31.56,42.07,2.0,Home & Garden,571,3,1.0,0.3333,130.0,1,2,2,1,5,221,About to Sleep,0,Low Value
C0100,Jessica Hernandez,jessica.hernandez100@example.com,2021-12-08,San Antonio,Occasional,754,2022-02-24,1,90.76,90.76,90.76,1.0,Food & Grocery,676,2,0.5,0.5,,1,1,1,1,3,111,Hibernating,0,Low Value
C0101,Robert Miller,robert.miller101@example.com,2021-10-11,San Antonio,Occasional,812,2023-11-18,2,44.95,22.48,23.27,2.0,Food & Grocery,44,2,0.5,0.0,140.0,0,5,2,1,8,521,Recent Customers,1,Mid Value
C0102,Betty Garcia,betty.garcia102@example.com,2021-12-13,San Jose,New,749,2023-09-24,1,53.55,53.55,53.55,1.0,Beauty,99,1,0.0,0.0,,1,4,1,1,6,411,Recent Customers,1,Mid Value
C0103,Karen Smith,karen.smith103@example.com,2021-07-27,Phoenix,Occasional,888,2022-03-03,3,191.32,63.77,65.2,3.0,Automotive,669,4,0.75,0.25,8.5,1,1,2,2,5,122,Hibernating,0,Low Value
C0104,Jessica Jackson,jessica.jackson104@example.com,2021-04-18,San Jose,Occasional,988,2022-06-01,2,98.72,49.36,74.0,2.0,Home & Garden,579,4,0.75,0.5,41.0,1,1,2,1,4,121,Hibernating,0,Low Value
C0105,Joseph Anderson,joseph.anderson105@example.com,2021-08-27,Houston,Occasional,857,2023-09-03,1,80.56,80.56,80.56,1.0,Toys,120,1,1.0,0.0,,1,4,1,1,6,411,Recent Customers,1,Mid Value
C0106,Nancy Williams,nancy.williams106@example.com,2021-03-28,Phoenix,New,1009,2023-08-18,1,137.42,137.42,137.42,1.0,Electronics,136,1,1.0,0.0,,1,3,1,2,6,312,Promising,1,Mid Value
C0107,Anthony Davis,anthony.davis107@example.com,2021-02-17,Phoenix,Occasional,1048,2022-10-23,4,173.82,43.46,64.53,4.0,Books,435,5,0.6,0.2,65.0,1,2,3,2,7,232,Lost,0,Low Value
C0108,Robert Smith,robert.smith108@example.com,2021-04-12,New York,Regular,994,2022-04-29,8,947.35,118.42,195.75,5.0,Home & Garden,612,8,0.875,0.0,14.43,1,1,4,4,9,144,At Risk,2,High Value
C0109,Lisa Williams,lisa.williams109@example.com,2021-09-01,San Diego,Regular,852,2023-12-09,6,709.17,118.2,184.03,4.0,Health,23,8,0.5,0.25,125.4,0,5,4,4,13,544,Champions,2,High Value
C0111,Linda Jones,linda.jones111@example.com,2021-07-24,New York,New,891,2022-07-09,3,304.16,101.39,121.73,3.0,Sports,541,3,0.3333,0.0,50.0,1,2,2,3,7,223,About to Sleep,0,Low Value
C0112,Linda Garcia,linda.garcia112@example.com,2021-08-06,Dallas,Premium,878,2023-10-20,9,2744.45,304.94,465.44,6.0,Beauty,73,11,0.7273,0.1818,75.5,0,4,5,5,14,455,Loyal Customers,3,Premium
C0113,Karen Davis,karen.davis113@example.com,2021-01-26,Los Angeles,New,1070,2022-05-14,1,68.87,68.87,68.87,1.0,Health,597,1,0.0,0.0,,1,1,1,1,3,111,Hibernating,0,Low Value
C0114,Margaret Anderson,margaret.anderson114@example.com,2021-03-10,Dallas,New,1027,2022-02-28,2,241.04,120.52,121.02,2.0,Beauty,672,2,0.0,0.0,23.0,1,1,2,3,6,123,Lost,0,Low Value
C0115,Lisa Taylor,lisa.taylor115@example.com,2021-08-15,San Antonio,Occasional,869,2022-03-04,3,81.69,27.23,33.56,2.0,Clothing,668,3,0.6667,0.0,18.5,1,1,2,1,4,121,Hibernating,0,Low Value
C0116,Betty Thomas,betty.thomas116@example.com,2021-03-23,San Diego,New,1014,2022-06-02,1,104.87,104.87,104.87,1.0,Electronics,578,1,1.0,0.0,,1,1,1,1,3,111,Hibernating,0,Low Value
C0117,Anthony Rodriguez,anthony.rodriguez117@example.com,2021-05-07,Dallas,Occasional,969,2023-08-12,2,76.22,38.11,60.91,2.0,Food & Grocery,142,2,1.0,0.0,188.0,1,3,2,1,6,321,Promising,1,Mid Value
C0118,Linda Rodriguez,linda.rodriguez118@example.com,2021-11-17,San Diego,New,775,2022-06-24,3,347.21,115.74,145.78,3.0,Clothing,556,3,0.6667,0.0,48.5,1,2,2,3,7,223,About to Sleep,0,Low Value
C0119,Barbara Davis,barbara.davis119@example.com,2022-01-01,Phoenix,Premium,730,2023-10-21,15,4429.3,295.29,474.0,7.0,Health,72,18,0.6111,0.1667,45.21,0,4,5,5,14,455,Loyal Customers,3,Premium
C0120,Mark Moore,mark.moore120@example.com,2021-06-13,Los Angeles,Occasional,932,2022-03-21,5,211.38,42.28,71.96,4.0,Electronics,651,5,0.6,0.0,16.75,1,1,3,3,7,133,Lost,0,Low Value
C0121,Linda Gonzalez,linda.gonzalez121@example.com,2021-03-19,Chicago,Regular,1018,2023-08-30,6,631.41,105.24,181.53,4.0,Home & Garden,124,7,0.8571,0.1429,106.8,1,4,4,4,12,444,Loyal Customers,2,High Value
C0122,Jessica Wilson,jessica.wilson122@example.com,2021-02-02,Philadelphia,Regular,1063,2022-07-23,6,826.1,137.68,191.97,6.0,Home & Garden,527,7,0.5714,0.1429,32.6,1,2,4,4,10,244,Needs Attention,2,High Value
C0123,Mary Miller,mary.miller123@example.com,2021-08-01,San Antonio,New,883,2023-12-11,2,154.4,77.2,117.15,2.0,Books,21,3,1.0,0.3333,486.0,0,5,2,2,9,522,Potential Loyalists,1,Mid Value
C0125,James Lopez,james.lopez125@example.com,2021-09-02,Phoenix,New,851,2022-05-19,1,110.75,110.75,110.75,1.0,Health,592,1,1.0,0.0,,1,1,1,1,3,111,Hibernating,0,Low Value
C0126,Karen Moore,karen.moore126@example.com,2021-08-03,San Jose,New,881,2023-06-12,2,167.81,83.9,100.49,2.0,Electronics,203,3,0.3333,0.3333,471.0,1,3,2,2,7,322,Potential Loyalists,1,Mid Value
C0127,Linda Rodriguez,linda.rodriguez127@example.com,2021-09-07,San Antonio,Regular,846,2023-12-21,2,267.39,133.7,182.91,2.0,Books,11,4,0.75,0.5,505.0,0,5,2,3,10,523,Potential Loyalists,1,Mid Value
C0128,Richard Hernandez,richard.hernandez128@example.com,2021-01-15,San Antonio,New,1081,2022-02-15,1,57.49,57.49,57.49,1.0,Clothing,685,2,0.5,0.5,,1,1,1,1,3,111,Hibernating,0,Low Value
C0129,Ashley Jones,ashley.jones129@example.com,2021-08-28,San Jose,Regular,856,2022-08-27,8,932.35,116.54,171.94,5.0,Books,492,9,0.4444,0.1111,29.29,1,2,4,4,10,244,Needs Attention,2,High Value
C0130,Charles Jackson,charles.jackson130@example.com,2021-07-21,New York,Premium,894,2023-07-07,9,1945.86,216.21,456.31,8.0,Health,178,13,0.6154,0.3077,65.88,1,3,5,5,13,355,Potential Loyalists,3,Premium
C0131,Jessica Jones,jessica.jones131@example.com,2021-11-26,San Diego,Premium,766,2023-10-17,7,1663.94,237.71,324.29,6.0,Health,76,9,0.5556,0.2222,108.0,0,4,4,4,12,444,Loyal Customers,2,High Value
C0132,William Gonzalez,william.gonzalez132@example.com,2021-01-26,Philadelphia,Regular,1070,2022-06-12,5,619.88,123.98,169.96,5.0,Clothing,568,5,0.4,0.0,37.5,1,2,3,4,9,234,Needs Attention,2,High Value
C0133,David Hernandez,david.hernandez133@example.com,2021-08-21,San Antonio,Regular,863,2023-12-08,5,482.29,96.46,173.83,3.0,Home & Garden,24,5,0.8,0.0,128.5,0,5,3,3,11,533,Loyal Customers,1,Mid Value
C0134,William Williams,william.williams134@example.com,2021-08-04,San Diego,Occasional,880,2023-03-12,1,79.86,79.86,79.86,1.0,Clothing,295,2,0.5,0.5,,1,3,1,1,5,311,Promising,1,Mid Value
C0135,Mary Lopez,mary.lopez135@example.com,2021-10-04,Houston,Premium,819,2023-11-15,7,2141.8,305.97,484.99,6.0,Home & Garden,47,8,0.625,0.125,112.17,0,4,4,5,13,445,Loyal Customers,3,Premium
C0136,Mary Smith,mary.smith136@example.com,2021-11-30,Houston,Premium,762,2023-12-23,7,2279.43,325.63,493.68,6.0,Toys,9,9,0.4444,0.2222,106.17,0,5,4,5,14,545,Champions,3,Premium
C0137,Lisa Jones,lisa.jones137@example.com,2021-01-11,Houston,Regular,1085,2023-05-25,5,460.89,92.18,160.49,4.0,Electronics,221,7,0.4286,0.2857,99.75,1,3,3,3,9,333,Potential Loyalists,2,High Value
C0138,Nancy Brown,nancy.brown138@example.com,2021-08-31,San Jose,Regular,853,2023-12-25,4,468.91,117.23,144.75,4.0,Automotive,7,5,0.6,0.2,137.67,0,5,3,3,11,533,Loyal Customers,1,Mid Value
C0139,Daniel Rodriguez,daniel.rodriguez139@example.com,2021-08-27,Philadelphia,Regular,857,2023-10-03,6,493.12,82.19,126.96,5.0,Beauty,90,6,0.3333,0.0,122.6,0,4,4,3,11,443,Loyal Customers,2,High Value
C0140,Lisa Brown,lisa.brown140@example.com,2021-11-07,Chicago,Regular,785,2023-09-22,6,808.63,134.77,179.75,4.0,Books,101,9,0.7778,0.3333,64.6,1,4,4,4,12,444,Loyal Customers,2,High Value
C0141,Charles Smith,charles.smith141@example.com,2021-02-25,Phoenix,Occasional,1040,2023-10-04,4,230.35,57.59,85.02,2.0,Home & Garden,89,4,0.5,0.0,193.33,0,4,3,3,10,433,Loyal Customers,1,Mid Value
C0142,Daniel Miller,daniel.miller142@example.com,2021-07-23,Los Angeles,New,892,2022-08-12,2,127.89,63.94,104.1,2.0,Electronics,507,2,0.0,0.0,7.0,1,2,2,2,6,222,About to Sleep,0,Low Value
C0143,Daniel Martinez,daniel.martinez143@example.com,2021-02-22,San Jose,Regular,1043,2022-02-22,9,983.85,109.32,169.63,6.0,Clothing,678,10,0.7,0.1,5.12,1,1,5,4,10,154,At Risk,2,High Value
C0144,Margaret Johnson,margaret.johnson144@example.com,2021-10-17,Philadelphia,Premium,806,2023-10-22,10,3184.27,318.43,467.71,6.0,Home & Garden,71,12,0.6667,0.1667,69.44,0,4,5,5,14,455,Loyal Customers,3,Premium
C0145,Susan Williams,susan.williams145@example.com,2021-12-05,Dallas,New,757,2022-02-17,2,70.67,35.33,35.41,2.0,Automotive,683,3,1.0,0.3333,26.0,1,1,2,1,4,121,Hibernating,0,Low Value
C0146,Sandra Wilson,sandra.wilson146@example.com,2021-01-07,San Diego,Occasional,1089,2023-11-25,2,70.77,35.39,39.67,2.0,Home & Garden,37,2,1.0,0.0,404.0,0,5,2,1,8,521,Recent Customers,1,Mid Value
C0147,Susan Anderson,susan.anderson147@example.com,2021-08-10,Chicago,Premium,874,2023-12-11,8,2104.4,263.05,486.58,5.0,Automotive,21,13,0.6154,0.3846,70.29,0,5,4,5,14,545,Champions,3,Premium
C0148,Betty Taylor,betty.taylor148@example.com,2021-04-01,Phoenix,New,1005,2022-01-19,1,126.93,126.93,126.93,1.0,Health,712,2,0.0,0.5,,1,1,1,2,4,112,Hibernating,0,Low Value
C0149,Jessica Jackson,jessica.jackson149@example.com,2021-08-27,Phoenix,New,857,2023-03-03,3,289.38,96.46,128.81,3.0,Food & Grocery,304,3,0.0,0.0,174.0,1,3,2,3,8,323,Potential Loyalists,1,Mid Value
C0150,Anthony Williams,anthony.williams150@example.com,2021-05-06,Phoenix,Occasional,970,2023-11-05,3,117.63,39.21,61.51,3.0,Electronics,57,4,0.25,0.25,199.0,0,4,3,2,9,432,Potential Loyalists,1,Mid Value
C0151,Matthew Anderson,matthew.anderson151@example.com,2021-05-05,San Jose,New,971,2023-10-25,2,233.5,116.75,117.83,2.0,Home & Garden,68,2,0.0,0.0,371.0,0,4,2,3,9,423,Potential Loyalists,1,Mid Value
C0152,James Thomas,james.thomas152@example.com,2021-06-22,Philadelphia,New,923,2022-08-17,2,207.37,103.68,125.43,1.0,Health,502,2,1.0,0.0,30.0,1,2,2,2,6,222,About to Sleep,0,Low Value
C0153,Michael Lopez,michael.lopez153@example.com,2021-09-07,Phoenix,Regular,846,2023-11-24,3,328.79,109.6,146.66,3.0,Home & Garden,38,4,1.0,0.25,231.5,0,5,3,3,11,533,Loyal Customers,1,Mid Value
C0154,Mark Martin,mark.martin154@example.com,2021-05-24,Phoenix,Occasional,952,2022-06-19,4,267.17,66.79,81.83,4.0,Books,561,5,0.4,0.2,48.33,1,2,3,3,8,233,Needs Attention,0,Low Value
C0155,Michael Williams,michael.williams155@example.com,2021-09-22,Houston,Premium,831,2023-11-03,9,2153.07,239.23,428.37,6.0,Toys,59,12,0.5833,0.25,82.25,0,4,5,5,14,455,Loyal Customers,3,Premium
C0156,Karen Davis,karen.davis156@example.com,2021-09-08,San Diego,New,845,2022-08-31,3,211.28,70.43,85.99,3.0,Beauty,488,3,0.6667,0.0,91.5,1,2,3,3,8,233,Needs Attention,0,Low Value
C0157,Margaret Smith,margaret.smith157@example.com,2021-08-18,Los Angeles,New,866,2023-03-03,1,46.94,46.94,46.94,1.0,Clothing,304,2,0.5,0.5,,1,3,1,1,5,311,Promising,1,Mid Value
C0158,Richard Davis,richard.davis158@example.com,2021-04-24,Phoenix,Occasional,982,2023-03-02,1,19.0,19.0,19.0,1.0,Electronics,305,2,0.0,0.5,,1,3,1,1,5,311,Promising,1,Mid Value
C0159,Karen Taylor,karen.taylor159@example.com,2021-08-31,Philadelphia,Occasional,853,2023-05-31,2,108.84,54.42,83.58,2.0,Beauty,215,2,0.0,0.0,483.0,1,3,2,1,6,321,Promising,1,Mid Value
C0160,David Lopez,david.lopez160@example.com,2021-10-09,San Diego,New,814,2023-07-25,1,54.77,54.77,54.77,1.0,Home & Garden,160,1,1.0,0.0,,1,3,1,1,5,311,Promising,1,Mid Value
C0161,William Davis,william.davis161@example.com,2021-06-06,Los Angeles,Occasional,939,2023-09-18,4,255.87,63.97,81.48,3.0,Clothing,105,4,0.25,0.0,172.33,1,4,3,3,10,433,Loyal Customers,1,Mid Value
C0162,Patricia Moore,patricia.moore162@example.com,2021-06-11,Chicago,Regular,934,2022-12-16,4,559.26,139.82,190.42,4.0,Beauty,381,7,0.7143,0.4286,114.33,1,2,3,3,8,233,Needs Attention,2,High Value
C0163,Betty Thomas,betty.thomas163@example.com,2021-04-21,Phoenix,Regular,985,2023-12-19,8,951.14,118.89,173.07,4.0,Books,13,10,0.5,0.2,101.29,0,5,4,4,13,544,Champions,2,High Value
C0164,Anthony Miller,anthony.miller164@example.com,2021-02-21,Phoenix,Occasional,1044,2022-12-02,3,205.4,68.47,85.42,3.0,Beauty,395,4,0.25,0.25,114.0,1,2,3,2,7,232,Lost,0,Low Value
C0165,Jennifer Martinez,jennifer.martinez165@example.com,2021-07-04,New York,Regular,911,2023-12-07,6,414.16,69.03,190.49,5.0,Books,25,7,0.5714,0.1429,107.8,0,5,4,3,12,543,Loyal Customers,2,High Value
C0166,Mary Johnson,mary.johnson166@example.com,2021-05-21,Dallas,Regular,955,2022-05-04,3,431.59,143.86,165.97,2.0,Health,607,4,0.5,0.25,56.0,1,1,3,3,7,133,Lost,0,Low Value
C0167,Robert Thomas,robert.thomas167@example.com,2021-12-24,Los Angeles,Occasional,738,2023-11-18,1,64.03,64.03,64.03,1.0,Electronics,44,3,0.6667,0.6667,,0,5,1,1,7,511,Recent Customers,1,Mid Value
C0168,Barbara Thomas,barbara.thomas168@example.com,2021-10-21,San Diego,Premium,802,2023-12-24,14,3434.23,245.3,421.31,7.0,Food & Grocery,8,16,0.5,0.125,54.08,0,5,5,5,15,555,Champions,3,Premium
C0169,Jennifer Johnson,jennifer.johnson169@example.com,2021-06-24,Phoenix,New,921,2023-08-23,1,29.09,29.09,29.09,1.0,Clothing,131,2,0.5,0.5,,1,3,1,1,5,311,Promising,1,Mid Value
C0170,Anthony Williams,anthony.williams170@example.com,2021-02-28,San Antonio,New,1037,2022-06-06,2,148.33,74.16,85.63,2.0,Beauty,574,3,0.6667,0.3333,103.0,1,1,2,2,5,122,Hibernating,0,Low Value
C0171,Charles Johnson,charles.johnson171@example.com,2021-02-07,Chicago,New,1058,2023-02-28,1,92.25,92.25,92.25,1.0,Food & Grocery,307,1,1.0,0.0,,1,3,1,1,5,311,Promising,1,Mid Value
C0172,Barbara Williams,barbara.williams172@example.com,2021-10-16,Houston,Regular,807,2023-02-28,8,947.62,118.45,167.43,6.0,Sports,307,8,0.5,0.0,51.43,1,3,4,4,11,344,Potential Loyalists,2,High Value
C0173,Matthew Wilson,matthew.wilson173@example.com,2021-10-13,San Jose,Premium,810,2023-12-11,12,3880.67,323.39,476.09,6.0,Electronics,21,16,0.4375,0.25,64.27,0,5,5,5,15,555,Champions,3,Premium
C0174,Richard Anderson,richard.anderson174@example.com,2021-09-25,San Diego,Regular,828,2023-08-25,6,667.26,111.21,175.98,5.0,Automotive,129,9,0.3333,0.3333,115.0,1,3,4,4,11,344,Potential Loyalists,2,High Value
C0175,Jessica Martinez,jessica.martinez175@example.com,2021-10-29,San Jose,Occasional,794,2023-09-23,5,230.14,46.03,68.03,4.0,Home & Garden,100,5,0.6,0.0,81.0,1,4,3,3,10,433,Loyal Customers,1,Mid Value
C0176,Betty Brown,betty.brown176@example.com,2021-11-09,Houston,Premium,783,2023-01-04,8,2281.98,285.25,448.92,5.0,Clothing,362,11,0.6364,0.2727,48.29,1,3,4,5,12,345,Potential Loyalists,3,Premium
C0177,Nancy Williams,nancy.williams177@example.com,2021-05-16,Chicago,Regular,960,2023-12-31,5,665.25,133.05,181.08,3.0,Food & Grocery,1,7,0.4286,0.2857,136.5,0,5,4,4,13,544,Champions,1,Mid Value
C0178,Karen Williams,karen.williams178@example.com,2021-03-30,Chicago,Regular,1007,2023-10-23,9,1281.99,142.44,199.73,5.0,Books,70,10,0.4,0.1,79.38,0,4,5,4,13,454,Loyal Customers,2,High Value
C0179,Joseph Martin,joseph.martin179@example.com,2021-07-29,San Diego,Premium,886,2022-04-08,14,3735.52,266.82,419.18,9.0,Automotive,633,16,0.625,0.125,7.38,1,1,5,5,11,155,At Risk,3,Premium
C0180,Linda Martinez,linda.martinez180@example.com,2021-01-17,Phoenix,Occasional,1079,2023-03-12,3,200.82,66.94,90.27,3.0,Health,295,3,1.0,0.0,173.0,1,3,3,2,8,332,Potential Loyalists,1,Mid Value
C0181,Nancy Davis,nancy.davis181@example.com,2021-02-06,Phoenix,New,1059,2023-12-16,3,206.0,68.67,85.57,3.0,Automotive,16,3,0.3333,0.0,246.0,0,5,3,2,10,532,Potential Loyalists,1,Mid Value
C0182,Patricia Moore,patricia.moore182@example.com,2021-08-06,Houston,Regular,878,2023-02-13,6,581.72,96.95,172.21,5.0,Electronics,322,7,0.5714,0.1429,79.6,1,3,4,4,11,344,Potential Loyalists,2,High Value
C0183,Anthony Jones,anthony.jones183@example.com,2021-05-17,Los Angeles,Regular,959,2023-01-22,4,296.61,74.15,100.67,3.0,Clothing,344,4,0.5,0.0,112.33,1,3,3,3,9,333,Potential Loyalists,1,Mid Value
C0184,Margaret Martinez,margaret.martinez184@example.com,2021-03-26,San Jose,Premium,1011,2023-11-01,15,3947.49,263.17,492.9,8.0,Clothing,61,17,0.4118,0.1176,46.93,0,4,5,5,14,455,Loyal Customers,3,Premium
C0185,Patricia Anderson,patricia.anderson185@example.com,2021-08-13,Phoenix,Occasional,871,2022-11-15,3,201.46,67.15,95.84,3.0,Sports,412,4,0.75,0.25,58.0,1,2,3,2,7,232,Lost,0,Low Value
C0186,Thomas Moore,thomas.moore186@example.com,2021-05-20,San Diego,New,956,2022-08-07,1,114.46,114.46,114.46,1.0,Books,512,2,1.0,0.5,,1,2,1,2,5,212,About to Sleep,0,Low Value
C0187,Lisa Johnson,lisa.johnson187@example.com,2021-02-11,San Antonio,New,1054,2022-09-04,2,84.99,42.5,63.32,2.0,Food & Grocery,484,2,0.5,0.0,210.0,1,2,2,1,5,221,About to Sleep,0,Low Value
C0188,William Smith,william.smith188@example.com,2021-11-06,Los Angeles,Occasional,786,2023-05-17,4,271.96,67.99,80.56,3.0,Health,229,4,0.75,0.0,62.0,1,3,3,3,9,333,Potential Loyalists,1,Mid Value
C0189,Anthony Jackson,anthony.jackson189@example.com,2021-12-12,San Jose,Regular,750,2022-12-28,6,720.25,120.04,168.42,4.0,Books,369,7,0.5714,0.1429,69.4,1,3,4,4,11,344,Potential Loyalists,2,High Value
C0190,Anthony Rodriguez,anthony.rodriguez190@example.com,2021-12-11,San Jose,Premium,751,2023-12-15,8,2164.22,270.53,419.86,4.0,Sports,17,8,0.5,0.0,101.71,0,5,4,5,14,545,Champions,3,Premium
C0191,Sarah Taylor,sarah.taylor191@example.com,2021-03-31,San Diego,Premium,1006,2023-09-11,11,3611.0,328.27,494.49,7.0,Beauty,112,11,0.5455,0.0,61.1,1,4,5,5,14,455,Loyal Customers,3,Premium
C0192,Charles Wilson,charles.wilson192@example.com,2021-04-03,San Diego,Occasional,1003,2023-05-09,2,95.28,47.64,71.32,2.0,Sports,237,2,0.0,0.0,375.0,1,3,2,1,6,321,Promising,1,Mid Value
C0193,Susan Wilson,susan.wilson193@example.com,2021-08-29,Philadelphia,Premium,855,2023-12-10,9,2267.93,251.99,419.55,7.0,Sports,22,11,0.8182,0.1818,77.0,0,5,5,5,15,555,Champions,3,Premium
C0194,Patricia Garcia,patricia.garcia194@example.com,2021-12-10,Philadelphia,Occasional,752,2022-07-12,2,172.93,86.46,98.4,2.0,Beauty,538,2,1.0,0.0,162.0,1,2,2,2,6,222,About to Sleep,0,Low Value
C0195,Sarah Martinez,sarah.martinez195@example.com,2021-12-22,San Antonio,New,740,2023-11-07,2,297.58,148.79,148.84,2.0,Automotive,55,2,0.0,0.0,512.0,0,4,2,3,9,423,Potential Loyalists,1,Mid Value
C0196,John Hernandez,john.hernandez196@example.com,2021-08-21,Phoenix,Premium,863,2023-12-28,10,3228.43,322.84,489.15,5.0,Food & Grocery,4,12,0.4167,0.1667,74.56,0,5,5,5,15,555,Champions,3,Premium
C0198,Sandra Moore,sandra.moore198@example.com,2021-12-03,San Diego,Premium,759,2022-11-03,9,1829.55,203.28,356.07,6.0,Clothing,424,15,0.4667,0.4,38.0,1,2,5,4,11,254,Needs Attention,2,High Value
C0199,Michael Taylor,michael.taylor199@example.com,2021-01-28,Philadelphia,New,1068,2022-02-18,1,147.33,147.33,147.33,1.0,Sports,682,1,0.0,0.0,,1,1,1,2,4,112,Hibernating,0,Low Value
C0200,Joseph Johnson,joseph.johnson200@example.com,2021-11-17,Houston,New,775,2023-08-26,2,98.73,49.36,55.24,2.0,Clothing,128,3,0.6667,0.3333,101.0,1,4,2,1,7,421,Recent Customers,1,Mid Value
C0201,Robert Martinez,robert.martinez201@example.com,2021-10-09,San Diego,Occasional,814,2022-02-02,4,280.48,70.12,95.04,4.0,Books,698,5,0.6,0.2,8.0,1,1,3,3,7,133,Lost,0,Low Value
C0202,James Martin,james.martin202@example.com,2021-03-04,Houston,New,1033,2022-03-15,2,141.72,70.86,110.72,2.0,Books,657,3,1.0,0.3333,66.0,1,1,2,2,5,122,Hibernating,0,Low Value
C0203,Karen Smith,karen.smith203@example.com,2021-06-09,Dallas,Regular,936,2023-12-02,9,967.46,107.5,187.95,4.0,Home & Garden,30,9,0.5556,0.0,82.12,0,5,5,4,14,554,Champions,2,High Value
C0204,Linda Brown,linda.brown204@example.com,2021-02-17,San Diego,New,1048,2022-03-04,3,228.43,76.14,148.62,3.0,Books,668,3,0.6667,0.0,23.5,1,1,3,3,7,133,Lost,0,Low Value
C0205,Anthony Jones,anthony.jones205@example.com,2021-11-28,San Diego,Premium,764,2023-12-28,6,1760.7,293.45,384.92,4.0,Beauty,4,8,0.375,0.25,137.0,0,5,4,4,13,544,Champions,2,High Value
C0206,Daniel Rodriguez,daniel.rodriguez206@example.com,2021-09-18,San Antonio,Occasional,835,2023-11-14,3,180.35,60.12,99.37,3.0,Clothing,48,3,0.3333,0.0,214.5,0,4,3,2,9,432,Potential Loyalists,1,Mid Value
C0207,Linda Anderson,linda.anderson207@example.com,2021-08-30,Dallas,New,854,2022-02-03,3,155.08,51.69,67.26,3.0,Sports,697,3,0.0,0.0,4.5,1,1,3,2,6,132,Lost,0,Low Value
C0208,Michael Martin,michael.martin208@example.com,2021-07-16,Dallas,Regular,899,2022-02-17,5,742.03,148.41,191.22,4.0,Health,683,5,0.6,0.0,8.5,1,1,4,4,9,144,At Risk,0,Low Value
C0209,William Wilson,william.wilson209@example.com,2021-02-05,Philadelphia,Regular,1060,2023-09-09,1,150.97,150.97,150.97,1.0,Automotive,114,5,0.4,0.8,,1,4,1,2,7,412,Recent Customers,1,Mid Value
C0210,Barbara Martinez,barbara.martinez210@example.com,2021-01-02,San Jose,Occasional,1094,2022-02-03,1,39.62,39.62,39.62,1.0,Health,697,1,1.0,0.0,,1,1,1,1,3,111,Hibernating,0,Low Value
C0211,Joseph Moore,joseph.moore211@example.com,2021-03-18,San Diego,New,1019,2022-03-18,1,41.52,41.52,41.52,1.0,Automotive,654,2,0.5,0.5,,1,1,1,1,3,111,Hibernating,0,Low Value
C0212,Karen Moore,karen.moore212@example.com,2021-06-20,San Antonio,Occasional,925,2023-06-10,2,128.91,64.46,75.2,1.0,Automotive,205,2,0.0,0.0,516.0,1,3,2,2,7,322,Potential Loyalists,1,Mid Value
C0213,Sandra Miller,sandra.miller213@example.com,2021-06-14,Houston,New,931,2022-02-10,3,292.23,97.41,140.54,3.0,Books,690,3,1.0,0.0,15.5,1,1,3,3,7,133,Lost,0,Low Value
C0214,Sandra Wilson,sandra.wilson214@example.com,2021-04-30,New York,New,976,2022-02-22,3,350.07,116.69,133.1,2.0,Health,678,3,0.3333,0.0,26.0,1,1,3,3,7,133,Lost,0,Low Value
C0215,Daniel Gonzalez,daniel.gonzalez215@example.com,2021-08-31,San Antonio,Occasional,853,2022-11-19,3,173.49,57.83,63.42,3.0,Toys,408,3,0.3333,0.0,121.5,1,2,3,2,7,232,Lost,0,Low Value
C0216,Mary Jones,mary.jones216@example.com,2021-09-11,Dallas,Regular,842,2023-12-05,5,527.59,105.52,164.71,4.0,Clothing,27,5,0.8,0.0,158.0,0,5,4,3,12,543,Loyal Customers,2,High Value
C0217,Sandra Anderson,sandra.anderson217@example.com,2021-02-21,Los Angeles,Occasional,1044,2022-10-16,2,104.06,52.03,84.31,1.0,Books,442,2,0.5,0.0,61.0,1,2,2,1,5,221,About to Sleep,0,Low Value
C0218,Betty Jones,betty.jones218@example.com,2021-01-08,San Antonio,New,1088,2022-03-07,1,135.24,135.24,135.24,1.0,Toys,665,1,0.0,0.0,,1,1,1,2,4,112,Hibernating,0,Low Value
C0219,Sarah Rodriguez,sarah.rodriguez219@example.com,2021-02-08,Philadelphia,Regular,1057,2023-11-03,5,589.68,117.94,186.69,4.0,Books,59,5,0.6,0.0,130.25,0,4,4,4,12,444,Loyal Customers,2,High Value
C0220,John Hernandez,john.hernandez220@example.com,2021-11-29,Dallas,New,763,2022-07-08,1,141.27,141.27,141.27,1.0,Clothing,542,1,1.0,0.0,,1,2,1,2,5,212,About to Sleep,0,Low Value
C0221,Christopher Thomas,christopher.thomas221@example.com,2021-06-12,Dallas,New,933,2022-09-02,2,184.03,92.02,149.32,2.0,Toys,486,2,0.0,0.0,210.0,1,2,2,2,6,222,About to Sleep,0,Low Value
C0222,John Davis,john.davis222@example.com,2021-11-13,Phoenix,Premium,779,2023-09-09,10,2645.85,264.58,466.78,6.0,Sports,114,14,0.4286,0.2857,52.78,1,4,5,5,14,455,Loyal Customers,3,Premium
C0223,Jessica Brown,jessica.brown223@example.com,2021-02-16,Los Angeles,Regular,1049,2023-12-28,9,946.81,105.2,196.03,6.0,Home & Garden,4,9,0.4444,0.0,79.0,0,5,5,4,14,554,Champions,2,High Value
C0224,Daniel Martinez,daniel.martinez224@example.com,2021-03-27,New York,New,1010,2022-07-05,1,33.13,33.13,33.13,1.0,Home & Garden,545,2,0.5,0.5,,1,2,1,1,4,211,About to Sleep,0,Low Value
C0225,Margaret Johnson,margaret.johnson225@example.com,2021-06-16,Phoenix,Premium,929,2023-11-30,14,4063.51,290.25,496.76,8.0,Beauty,32,17,0.6471,0.1765,50.77,0,5,5,5,15,555,Champions,3,Premium
C0226,Jessica Jones,jessica.jones226@example.com,2021-07-11,Houston,Occasional,904,2022-06-04,4,297.5,74.38,98.18,3.0,Food & Grocery,576,4,0.25,0.0,33.33,1,1,3,3,7,133,Lost,0,Low Value
C0227,Nancy Garcia,nancy.garcia227@example.com,2021-10-17,Chicago,New,806,2022-01-19,2,117.22,58.61,88.22,2.0,Toys,712,2,0.5,0.0,8.0,1,1,2,2,5,122,Hibernating,0,Low Value
C0228,Lisa Gonzalez,lisa.gonzalez228@example.com,2021-02-10,San Jose,Regular,1055,2023-05-09,6,803.17,133.86,188.75,6.0,Home & Garden,237,7,0.2857,0.1429,65.0,1,3,4,4,11,344,Potential Loyalists,2,High Value
C0229,Ashley Jackson,ashley.jackson229@example.com,2021-09-12,Chicago,Regular,841,2022-04-04,5,562.03,112.41,173.67,4.0,Home & Garden,637,6,1.0,0.1667,22.5,1,1,4,4,9,144,At Risk,0,Low Value
C0230,Christopher Rodriguez,christopher.rodriguez230@example.com,2021-08-25,San Diego,Regular,859,2023-01-20,6,645.59,107.6,175.58,6.0,Electronics,346,7,0.5714,0.1429,66.6,1,3,4,4,11,344,Potential Loyalists,2,High Value
C0231,James Anderson,james.anderson231@example.com,2021-12-08,Phoenix,Occasional,754,2023-09-24,4,272.45,68.11,98.08,3.0,Electronics,99,5,0.4,0.2,144.67,1,4,3,3,10,433,Loyal Customers,1,Mid Value
C0232,Joseph Lopez,joseph.lopez232@example.com,2021-02-07,San Jose,Regular,1058,2023-08-09,4,302.62,75.66,153.47,3.0,Home & Garden,145,4,0.75,0.0,168.33,1,3,3,3,9,333,Potential Loyalists,1,Mid Value
C0233,Jessica Rodriguez,jessica.rodriguez233@example.com,2021-11-24,San Diego,Occasional,768,2022-03-04,1,24.1,24.1,24.1,1.0,Books,668,1,0.0,0.0,,1,1,1,1,3,111,Hibernating,0,Low Value
C0234,Richard Thomas,richard.thomas234@example.com,2021-04-12,Los Angeles,Occasional,994,2022-08-01,2,156.03,78.02,82.61,1.0,Toys,518,4,0.75,0.5,109.0,1,2,2,2,6,222,About to Sleep,0,Low Value
C0235,Charles Lopez,charles.lopez235@example.com,2021-07-15,San Jose,Regular,900,2023-09-13,7,987.66,141.09,192.05,6.0,Food & Grocery,110,8,0.5,0.125,98.33,1,4,4,4,12,444,Loyal Customers,2,High Value
C0236,Barbara Smith,barbara.smith236@example.com,2021-12-25,San Antonio,Occasional,737,2022-05-26,4,214.22,53.56,82.23,3.0,Beauty,585,5,0.4,0.2,18.33,1,1,3,3,7,133,Lost,0,Low Value
C0237,Charles Johnson,charles.johnson237@example.com,2021-01-05,San Jose,Occasional,1091,2022-10-15,2,111.51,55.76,90.88,2.0,Books,443,3,0.3333,0.3333,168.0,1,2,2,2,6,222,About to Sleep,0,Low Value
C0238,Matthew Davis,matthew.davis238@example.com,2021-05-27,San Jose,New,949,2022-09-13,1,26.08,26.08,26.08,1.0,Books,475,1,0.0,0.0,,1,2,1,1,4,211,About to Sleep,0,Low Value
C0239,Christopher Miller,christopher.miller239@example.com,2021-04-23,San Jose,Occasional,983,2023-08-29,2,127.59,63.8,92.49,2.0,Electronics,125,2,0.5,0.0,213.0,1,4,2,2,8,422,Potential Loyalists,1,Mid Value
C0240,Matthew Jones,matthew.jones240@example.com,2021-12-14,Los Angeles,Occasional,748,2023-10-23,5,273.89,54.78,94.7,5.0,Toys,70,5,0.4,0.0,161.0,0,4,4,3,11,443,Loyal Customers,2,High Value
C0241,Margaret Anderson,margaret.anderson241@example.com,2021-06-08,New York,Premium,937,2023-07-05,8,2420.41,302.55,378.78,5.0,Health,180,11,0.4545,0.2727,77.86,1,3,4,5,12,345,Potential Loyalists,3,Premium
C0242,John Martinez,john.martinez242@example.com,2021-03-09,Philadelphia,Occasional,1028,2022-07-12,2,66.14,33.07,38.62,2.0,Home & Garden,538,2,0.5,0.0,122.0,1,2,2,1,5,221,About to Sleep,0,Low Value
C0243,Michael Jones,michael.jones243@example.com,2021-03-31,Dallas,New,1006,2022-09-29,1,78.84,78.84,78.84,1.0,Books,459,1,1.0,0.0,,1,2,1,1,4,211,About to Sleep,0,Low Value
C0244,Thomas Rodriguez,thomas.rodriguez244@example.com,2021-09-29,Chicago,Occasional,824,2022-05-11,3,148.59,49.53,77.22,3.0,Books,600,4,0.25,0.25,22.5,1,1,3,2,6,132,Lost,0,Low Value
C0245,Margaret Martinez,margaret.martinez245@example.com,2021-09-04,Philadelphia,Occasional,849,2023-08-13,1,37.63,37.63,37.63,1.0,Clothing,141,1,0.0,0.0,,1,3,1,1,5,311,Promising,1,Mid Value
C0246,John Jones,john.jones246@example.com,2021-08-28,Houston,Premium,856,2023-12-24,16,5017.79,313.61,494.68,9.0,Food & Grocery,8,17,0.3529,0.0588,41.27,0,5,5,5,15,555,Champions,3,Premium
C0247,Susan Williams,susan.williams247@example.com,2021-10-13,San Antonio,New,810,2022-12-22,2,228.96,114.48,145.67,2.0,Health,375,3,0.6667,0.3333,60.0,1,2,2,3,7,223,About to Sleep,0,Low Value
C0248,Karen Brown,karen.brown248@example.com,2021-05-16,San Diego,Premium,960,2023-11-08,8,2276.91,284.61,472.65,6.0,Clothing,54,11,0.2727,0.2727,95.86,0,4,4,5,13,445,Loyal Customers,3,Premium
C0249,Betty Rodriguez,betty.rodriguez249@example.com,2021-12-11,San Jose,Occasional,751,2022-04-11,3,163.6,54.53,89.61,3.0,Electronics,630,4,0.75,0.25,31.0,1,1,3,2,6,132,Lost,0,Low Value
C0250,Susan Brown,susan.brown250@example.com,2021-11-23,Houston,New,769,2022-07-09,2,140.41,70.2,101.67,2.0,Food & Grocery,541,3,0.6667,0.3333,158.0,1,2,2,2,6,222,About to Sleep,0,Low Value
C0251,Lisa Moore,lisa.moore251@example.com,2021-01-13,Philadelphia,New,1083,2022-03-03,1,87.58,87.58,87.58,1.0,Sports,669,1,0.0,0.0,,1,1,1,1,3,111,Hibernating,0,Low Value
C0252,John Anderson,john.anderson252@example.com,2021-11-28,Phoenix,Regular,764,2023-07-14,10,1165.68,116.57,193.68,5.0,Food & Grocery,171,10,0.6,0.0,55.89,1,3,5,4,12,354,Potential Loyalists,2,High Value
C0253,Robert Johnson,robert.johnson253@example.com,2021-03-01,New York,New,1036,2022-05-24,1,122.04,122.04,122.04,1.0,Books,587,2,0.5,0.5,,1,1,1,2,4,112,Hibernating,0,Low Value
C0254,Patricia Brown,patricia.brown254@example.com,2021-09-10,Houston,Occasional,843,2022-05-31,3,178.96,59.65,79.59,3.0,Toys,580,3,0.3333,0.0,30.5,1,1,3,2,6,132,Lost,0,Low Value
C0255,Joseph Lopez,joseph.lopez255@example.com,2021-07-18,Dallas,Regular,897,2022-04-24,3,287.92,95.97,159.77,3.0,Health,617,4,0.75,0.25,52.0,1,1,3,3,7,133,Lost,0,Low Value
C0256,Betty Jones,betty.jones256@example.com,2021-10-28,San Antonio,New,795,2022-12-09,1,32.51,32.51,32.51,1.0,Electronics,388,1,0.0,0.0,,1,2,1,1,4,211,About to Sleep,0,Low Value
C0257,Lisa Wilson,lisa.wilson257@example.com,2021-09-08,Phoenix,Premium,845,2023-10-20,13,4260.33,327.72,471.12,7.0,Electronics,73,17,0.7059,0.2353,48.67,0,4,5,5,14,455,Loyal Customers,3,Premium
C0258,Susan Miller,susan.miller258@example.com,2021-12-20,San Diego,Premium,742,2023-09-23,8,2216.46,277.06,463.06,7.0,Automotive,100,10,0.4,0.2,72.86,1,4,5,5,14,455,Loyal Customers,3,Premium
C0259,Sandra Lopez,sandra.lopez259@example.com,2021-05-01,Los Angeles,New,975,2023-02-08,1,38.45,38.45,38.45,1.0,Sports,327,1,1.0,0.0,,1,3,1,1,5,311,Promising,1,Mid Value
C0260,Mark Lopez,mark.lopez260@example.com,2021-10-06,New York,Occasional,817,2022-01-18,1,38.63,38.63,38.63,1.0,Toys,713,1,1.0,0.0,,1,1,1,1,3,111,Hibernating,0,Low Value
C0261,Michael Brown,michael.brown261@example.com,2021-05-22,San Diego,New,954,2023-05-23,2,69.19,34.6,46.74,2.0,Toys,223,2,1.0,0.0,114.0,1,3,2,1,6,321,Promising,1,Mid Value
C0262,Michael Martin,michael.martin262@example.com,2021-12-06,New York,Premium,756,2023-09-16,6,1401.05,233.51,318.75,4.0,Health,107,8,0.625,0.25,119.4,1,4,4,4,12,444,Loyal Customers,2,High Value
C0263,Linda Jones,linda.jones263@example.com,2021-06-20,San Jose,Premium,925,2022-01-30,10,3223.67,322.37,475.84,7.0,Electronics,701,15,0.4667,0.3333,3.0,1,1,5,5,11,155,At Risk,3,Premium
C0264,Anthony Moore,anthony.moore264@example.com,2021-02-05,Houston,Regular,1060,2023-11-07,6,659.7,109.95,182.98,5.0,Food & Grocery,55,9,0.5556,0.3333,124.6,0,4,4,4,12,444,Loyal Customers,2,High Value
C0265,David Jones,david.jones265@example.com,2021-04-30,San Jose,Regular,976,2023-12-30,3,472.99,157.66,184.81,3.0,Clothing,2,6,0.0,0.5,143.5,0,5,3,3,11,533,Loyal Customers,1,Mid Value
C0266,Sandra Jones,sandra.jones266@example.com,2021-05-22,Chicago,Premium,954,2023-11-22,14,4386.52,313.32,478.66,8.0,Automotive,40,17,0.4706,0.1765,49.31,0,5,5,5,15,555,Champions,3,Premium
C0267,Patricia Smith,patricia.smith267@example.com,2021-03-31,Chicago,Occasional,1006,2023-05-24,4,208.39,52.1,69.21,3.0,Food & Grocery,222,4,1.0,0.0,124.67,1,3,3,3,9,333,Potential Loyalists,1,Mid Value
C0268,Margaret Davis,margaret.davis268@example.com,2021-07-03,San Jose,Premium,912,2023-11-16,9,2638.2,293.13,417.01,5.0,Toys,46,11,0.7273,0.1818,73.25,0,5,5,5,15,555,Champions,3,Premium
C0269,Jennifer Rodriguez,jennifer.rodriguez269@example.com,2021-01-09,New York,Occasional,1087,2023-01-06,1,60.52,60.52,60.52,1.0,Home & Garden,360,1,1.0,0.0,,1,3,1,1,5,311,Promising,0,Low Value
C0270,Thomas Brown,thomas.brown270@example.com,2021-08-04,Los Angeles,Regular,880,2022-07-07,6,699.02,116.5,186.23,3.0,Books,543,10,0.5,0.4,36.8,1,2,4,4,10,244,Needs Attention,0,Low Value
C0272,Thomas Davis,thomas.davis272@example.com,2021-08-20,San Jose,Premium,864,2023-10-21,6,1704.49,284.08,443.23,3.0,Food & Grocery,72,8,0.75,0.25,109.4,0,4,4,4,12,444,Loyal Customers,2,High Value
C0273,Thomas Martinez,thomas.martinez273@example.com,2021-12-04,San Diego,Premium,758,2023-05-23,11,3218.26,292.57,451.0,8.0,Automotive,223,14,0.4286,0.2143,49.4,1,3,5,5,13,355,Potential Loyalists,3,Premium
C0274,Sarah Gonzalez,sarah.gonzalez274@example.com,2021-02-01,San Antonio,Premium,1064,2023-09-23,14,4402.37,314.46,448.04,8.0,Food & Grocery,100,18,0.5,0.2222,48.31,1,4,5,5,14,455,Loyal Customers,3,Premium
C0275,Daniel Anderson,daniel.anderson275@example.com,2021-09-09,Los Angeles,Premium,844,2023-01-09,15,4135.92,275.73,431.67,9.0,Sports,357,19,0.4211,0.2105,24.43,1,3,5,5,13,355,Potential Loyalists,3,Premium
C0276,Lisa Jones,lisa.jones276@example.com,2021-06-14,Los Angeles,Premium,931,2023-10-26,4,1219.11,304.78,487.54,4.0,Automotive,67,8,0.625,0.5,187.0,0,4,3,4,11,434,Loyal Customers,2,High Value
C0277,Lisa Jackson,lisa.jackson277@example.com,2021-05-21,Dallas,Regular,955,2022-01-29,7,727.86,103.98,185.18,6.0,Toys,702,7,0.7143,0.0,4.0,1,1,4,4,9,144,At Risk,2,High Value
C0278,Lisa Taylor,lisa.taylor278@example.com,2021-07-15,Phoenix,Occasional,900,2022-05-09,2,124.4,62.2,66.9,2.0,Toys,602,2,0.5,0.0,128.0,1,1,2,2,5,122,Hibernating,0,Low Value
C0279,Lisa Wilson,lisa.wilson279@example.com,2021-09-16,Los Angeles,New,837,2022-02-24,2,100.39,50.2,57.05,1.0,Toys,676,2,0.5,0.0,35.0,1,1,2,1,4,121,Hibernating,0,Low Value
C0280,Christopher Moore,christopher.moore280@example.com,2021-12-02,Houston,Premium,760,2023-01-11,16,4859.41,303.71,465.89,9.0,Home & Garden,355,20,0.6,0.2,24.6,1,3,5,5,13,355,Potential Loyalists,3,Premium
C0281,Mark Davis,mark.davis281@example.com,2021-08-20,San Antonio,New,864,2022-04-17,2,138.07,69.04,105.44,2.0,Books,624,2,1.0,0.0,102.0,1,1,2,2,5,122,Hibernating,0,Low Value
C0282,Richard Wilson,richard.wilson282@example.com,2021-08-21,Los Angeles,Occasional,863,2023-12-31,1,66.79,66.79,66.79,1.0,Food & Grocery,1,1,1.0,0.0,,0,5,1,1,7,511,Recent Customers,1,Mid Value
C0283,David Rodriguez,david.rodriguez283@example.com,2021-08-07,Philadelphia,Occasional,877,2022-06-27,4,284.72,71.18,98.72,3.0,Home & Garden,553,5,0.8,0.2,57.0,1,2,3,3,8,233,Needs Attention,0,Low Value
C0284,Ashley Thomas,ashley.thomas284@example.com,2021-12-18,Los Angeles,Regular,744,2023-10-02,5,459.0,91.8,157.72,5.0,Electronics,91,5,0.6,0.0,117.25,1,4,4,3,11,443,Loyal Customers,2,High Value
C0285,John Wilson,john.wilson285@example.com,2021-02-13,Los Angeles,Premium,1052,2023-12-05,15,4380.39,292.03,451.08,8.0,Clothing,27,18,0.5556,0.1667,38.79,0,5,5,5,15,555,Champions,3,Premium
C0286,Karen Johnson,karen.johnson286@example.com,2021-03-08,San Jose,Occasional,1029,2023-12-28,2,74.82,37.41,56.78,2.0,Sports,4,3,0.6667,0.3333,651.0,0,5,2,1,8,521,Recent Customers,1,Mid Value
C0287,Patricia Wilson,patricia.wilson287@example.com,2021-12-10,Philadelphia,Occasional,752,2023-08-01,2,151.28,75.64,75.67,1.0,Books,153,2,1.0,0.0,206.0,1,3,2,2,7,322,Potential Loyalists,1,Mid Value
C0288,Barbara Martin,barbara.martin288@example.com,2021-01-27,Phoenix,New,1069,2022-03-07,1,21.57,21.57,21.57,1.0,Beauty,665,3,0.6667,0.6667,,1,1,1,1,3,111,Hibernating,0,Low Value
C0289,Charles Taylor,charles.taylor289@example.com,2021-02-23,Houston,Occasional,1042,2022-08-10,4,286.27,71.57,91.34,4.0,Food & Grocery,509,5,0.8,0.2,59.33,1,2,3,3,8,233,Needs Attention,0,Low Value
C0290,Sarah Davis,sarah.davis290@example.com,2021-12-03,Los Angeles,Regular,759,2022-07-09,8,763.53,95.44,156.33,6.0,Automotive,541,9,0.7778,0.1111,25.0,1,2,5,4,11,254,Needs Attention,2,High Value
C0291,Susan Brown,susan.brown291@example.com,2021-10-12,Phoenix,Occasional,811,2023-09-22,4,223.82,55.96,66.12,4.0,Food & Grocery,101,5,0.2,0.2,209.67,1,4,3,3,10,433,Loyal Customers,1,Mid Value
C0292,Sandra Moore,sandra.moore292@example.com,2021-08-08,San Jose,Regular,876,2023-12-05,4,320.35,80.09,121.56,4.0,Home & Garden,27,4,0.5,0.0,117.67,0,5,3,3,11,533,Loyal Customers,1,Mid Value
C0293,Ashley Rodriguez,ashley.rodriguez293@example.com,2021-11-08,New York,Premium,784,2023-11-01,15,4621.77,308.12,489.49,10.0,Toys,61,17,0.7647,0.1176,37.21,0,4,5,5,14,455,Loyal Customers,3,Premium
C0294,Daniel Martinez,daniel.martinez294@example.com,2021-05-20,Philadelphia,Regular,956,2023-10-20,6,858.78,143.13,173.87,4.0,Clothing,73,8,1.0,0.25,126.8,0,4,4,4,12,444,Loyal Customers,2,High Value
C0295,Jennifer Jones,jennifer.jones295@example.com,2021-01-04,San Jose,Occasional,1092,2023-02-04,1,16.6,16.6,16.6,1.0,Sports,331,1,1.0,0.0,,1,3,1,1,5,311,Promising,1,Mid Value
C0296,Robert Smith,robert.smith296@example.com,2021-02-05,Los Angeles,New,1060,2022-06-17,1,89.21,89.21,89.21,1.0,Sports,563,1,0.0,0.0,,1,2,1,1,4,211,About to Sleep,0,Low Value
C0297,Jessica Anderson,jessica.anderson297@example.com,2021-07-12,Philadelphia,Regular,903,2022-11-12,5,427.96,85.59,120.68,5.0,Electronics,415,5,0.6,0.0,72.25,1,2,4,3,9,243,Needs Attention,2,High Value
C0298,Barbara Hernandez,barbara.hernandez298@example.com,2021-07-09,San Jose,Regular,906,2023-02-22,7,934.9,133.56,189.92,6.0,Clothing,313,7,0.4286,0.0,61.67,1,3,4,4,11,344,Potential Loyalists,2,High Value
C0299,Robert Garcia,robert.garcia299@example.com,2021-01-27,San Jose,Premium,1069,2023-12-13,10,2897.65,289.76,486.87,8.0,Sports,19,10,0.3,0.0,78.0,0,5,5,5,15,555,Champions,3,Premium
C0300,John Rodriguez,john.rodriguez300@example.com,2021-12-12,San Diego,Premium,750,2023-11-16,10,3182.12,318.21,430.86,5.0,Books,46,12,0.6667,0.1667,65.11,0,5,5,5,15,555,Champions,3,Premium
